feature_0,feature_1,is_anomaly
3.1294205834027693,0.7353263708339548,1
-1.3460338708977906,9.02451918921791,0
-1.3079837008888053,8.606210755176772,0
-0.62301172184222,9.188863941030162,0
-2.185113653657955,8.629203847782007,0
-2.1822702492885875,8.795185599389459,0
-2.6609827180883334,9.6026033346829,0
-2.452547698155643,9.543978882555054,0
-3.299672078498062,9.485754485334319,0
-2.3490930844855473,0.2970771795868541,1
-2.8169758580057507,9.233436455862263,0
-1.7815680794157704,9.066232014005623,0
-0.914692559827778,8.167324779879996,0
-1.6140044030250178,9.649457929880294,0
-3.8136671235576034,9.683958677028361,0
-4.034853937622845,10.276870231625505,0
-2.643506364523298,9.825094401358106,0
-2.368311376141546,7.2458467626354714,0
-3.8868669910098412,8.076461088283201,0
-2.4606759951079233,8.183336011787286,0
-2.542427613697211,8.806169270925784,0
-3.1209667139580355,8.977249331149912,0
-2.6693304186193907,9.685626204648788,0
-1.2434897821880497,8.148111279983823,0
-2.3314966221194964,7.6789417694882225,0
-4.201662252767569,10.543836447658936,0
-2.6704833347187593,9.418336985012862,0
-2.998637065570972,10.058447005267395,0
-2.7481456699191598,8.106722466156725,0
-2.004210344072293,9.880041322368445,0
-4.043311793788373,10.291962950096833,0
-5.933734594516771,3.78553714145801,1
-4.028567589006764,8.530052055332073,0
-3.217604389963213,7.500571735585496,0
-2.7786044574973077,9.731828383994285,0
-1.0580540152577085,9.97355695428353,0
-2.730161796882414,9.041171967192854,0
-2.5438825104395315,9.248500860734843,0
-2.3405429510860225,9.456226777767732,0
-2.597479671404005,11.593995465852641,0
-2.6672055216317396,8.587405058250903,0
-3.4324308691636545,7.66260152258199,0
-1.8122432185420145,8.680466638442313,0
-2.3293034718992716,10.406288414542923,0
-1.9872560574358524,9.31127080143151,0
-4.631052522061345,8.406464141103891,0
-0.8252699315948815,8.555401865329383,0
-2.4273682645051853,8.915396475007181,0
-1.5108867249047897,8.582665815480276,0
-1.4021169537657774,8.893904964244726,0
-2.3959272125149855,7.576008149880956,0
-1.3087837151083248,8.357391849226927,0
-1.3297575023314632,8.545110476093619,0
-1.8014456875972749,8.451819352304057,0
-3.789502021723645,9.886743456478468,0
-2.7182208803387753,8.163765673989024,0
-3.2112507169301026,8.686623981600555,0
-1.4355658731929781,7.987770828787263,0
-1.9915386025836272,8.288542315044857,0
-2.268444443564182,11.615969242378718,0
-1.2534414974792294,8.11967882597882,0
-2.5423245959265475,10.808843991716111,0
-2.5347516940441954,10.187015147457688,0
-2.158567523779191,9.503473258345986,0
3.266937231559889,-3.615411821589931,1
-0.9296254773220378,8.491426101045056,0
-4.576639723092627,8.925166088685534,0
-3.5800901211138623,9.496758543441508,0
-3.1551618021772856,8.21509412154807,0
-0.7816544529520388,9.450609797872355,0
-1.3234934683897532,9.73323943886339,0
-1.8664748631852062,10.343438658330754,0
-1.6887154418553858,9.521560159305622,0
-2.4337639841511574,7.412320316301155,0
-1.651537999850731,8.854347598234897,0
-2.3828180435063384,10.953215127256609,0
-0.38704142604011693,10.04675138874947,0
-3.282986822156323,7.7696314248869065,0
-3.0857080237794694,6.423243836053413,0
-3.599596700495596,10.425218507944594,0
-3.799158522793804,7.719207356134707,0
-2.7665741604760954,7.345702054320734,0
-2.5862993324668544,9.355438103014967,0
-0.4466727038096052,7.94675321394405,0
2.4822881261714054,2.7480860164918477,1
-2.0082804354283694,8.036730883399771,0
-2.1900231126335696,10.354736574221468,0
-2.2493148288043265,9.796108999975633,0
-1.5131499372469337,8.257491039628862,0
-1.9225038215774755,8.539382471575799,0
-2.3486236420028854,9.017332148351738,0
-4.3123372993086955,7.430150185192834,0
-5.457272533073543,-2.096036030840828,1
-1.5551958595595479,9.665677379504121,0
-4.071743479939293,8.485233450852029,0
-0.8969769947973258,9.911125444063856,0
-0.452990493112428,7.911077762476641,0
-2.643214789725668,9.028974322927521,0
-2.0244648057582753,8.16792947320745,0
-2.7552601111826984,8.171039532882132,0
-2.120619018521786,11.507285645631114,0
-2.2870638514190373,8.535537506534846,0
-3.197347968230474,11.266721933542632,0
-2.178317390838293,9.847815089807249,0
-2.6404545901450547,9.091138011157092,0
-2.728869510890262,9.37139869971007,0
-2.735681721902582,8.054846891474844,0
-3.2220434057299148,9.12071635589022,0
-3.4916850165910596,8.789652978201298,0
-1.5029048138383097,8.437394258675175,0
-1.0165090540932284,8.743162527155755,0
-0.37616424839648355,7.062198328675821,0
-1.967734894847962,9.77344128850097,0
1.2133801409185057,2.496870933552546,1
-2.6821436829761733,10.725994608340667,0
-2.437631385833358,8.536628681433207,0
-3.7028344548092305,9.933440301808325,0
-2.4907792438631984,10.690723440473606,0
-1.5458214938084285,9.427067055134822,0
-2.495268331139804,8.99016104108832,0
-2.753354258343399,9.97837329648668,0
-2.6896775366433756,12.207393696043184,0
-3.8810987659841065,7.400724730321582,0
-3.3675554032339634,9.714596007607314,0
-2.431829315405132,8.15300192687006,0
-2.7015585878338726,9.315833470531937,0
-3.045161068166798,9.82234392647947,0
-3.038957826819789,9.527553561311679,0
-3.6882374142125527,10.201965516659888,0
-3.061055768945197,11.572485413866575,0
-1.7308365468861124,8.46310041186979,0
-2.6592532100852773,9.139862581669865,0
-1.0380272955591416,8.804962451046457,0
-2.9293844401486075,8.732501519337816,0
-3.4585965118846933,11.646668193035714,0
-1.5453185062578405,11.224809129789675,0
-2.857849757460609,8.665028423879894,0
-2.381093208141961,8.333234470723443,0
-2.528213830955439,8.011756763560514,0
5.273987298770269,4.7379282051317855,1
-2.1009448673382782,7.3117025239604825,0
-0.7822337718193451,8.614649942583721,0
-1.281528630579458,7.804645109507118,0
-1.9941623558440904,9.528072079110531,0
4.357241110507122,1.479577521930695,1
-2.6920940641575903,10.389162547346508,0
-4.547322158230604,8.006199817280919,0
-1.7707310430573397,9.185654409388293,0
-2.201395854160691,7.304117735541698,0
-2.296000994815061,8.262316796459505,0
-1.68713746305826,10.91107911085227,0
-0.9586971302386733,8.015932087459532,0
-4.178602904174122,9.55764632057826,0
-1.508615305009772,8.343665919121678,0
-2.5152685345926433,9.852776902649966,0
-0.8671824629163811,10.024103217540958,0
-1.3218115714879992,11.603849770216936,0
-2.3865273070579547,10.638964586667884,0
-0.4339367504274847,8.325098310108755,0
-2.251647232329986,8.939840212432156,0
-2.220028979144932,11.469586268109218,0
-3.5464437773792064,8.823947450114716,0
-2.9738149203511433,9.215445784071163,0
-2.3148133214754143,8.661119835387636,0
-2.6763157033696046,9.160999814631646,0
-2.9752341249209926,7.419583060931528,0
-3.2951870835606996,7.683053174640545,0
-2.1768836110731584,8.26579959164177,0
-2.187840407602477,9.436206882433607,0
-2.525620519125502,10.202679401646407,0
-1.0679243339866347,7.578423977018884,0
-2.7777282709585824,8.123093902783037,0
-1.9117975532028921,9.715458870509222,0
-3.0264860731531225,10.423633568383902,0
-2.3133523679550687,8.035913350583291,0
-0.44769404641635235,10.222652358791466,0
-1.9793934451374673,10.455854748856224,0
-2.7682397688734532,8.817936279113345,0
-2.5439093927579934,7.845608090578791,0
-2.0533098509711425,11.179288473099408,0
-2.4489674131117236,11.47752824068361,0
-2.4305624327366595,7.016085443666215,0
-2.109974500447471,9.661482067901064,0
-2.6248459054409907,8.713182432609035,0
-1.0435488541311961,8.788509827711788,0
-2.298180155850132,8.91757301632793,0
-4.013917997083753,9.774342091887926,0
-1.943687977421206,7.253523369042505,0
-1.7374989124044053,6.165743507568248,0
-3.734963286055091,7.549911247988503,0
-2.9811294888421838,10.10323672516569,0
-1.5587737848667,8.437382472535921,0
-1.7181656760097033,8.104898673403584,0
-1.7997458059137106,8.57879975762848,0
-2.9883718608980403,8.828627151534507,0
-4.534340209710358,9.200740442967751,0
-2.530099217016898,9.131613511507105,0
-1.9709015440031172,10.086793465508126,0
-2.604493155439702,9.293307653968663,0
-3.5157401883323915,10.154164689327368,0
-2.646646137680442,9.967160675401262,0
-3.7005011202553986,9.670839736832153,0
-3.3489194652335263,8.414893482754302,0
-1.534077889634999,8.867228746696185,0
-3.888516851067277,8.283356088256404,0
-4.502933265624206,9.388342698045895,0
-1.590881017050437,7.443785524575146,0
-1.7723537259603168,8.73295857108011,0
-2.7481297222224446,8.647461716383635,0
-3.0628469283999324,7.816408235609475,0
-2.5493555736970936,7.583511026080275,0
-2.5836310521527963,9.634958225749001,0
-2.5468323254775984,10.117588010214845,0
-3.244727565642517,10.25037930340876,0
-4.212580062407905,8.958738429301704,0
-2.9436938504850656,8.705114004729683,0
0.5605233521193558,-3.7817465336936755,1
-3.6924561357185253,6.975053950438223,0
-2.623737468305368,10.252102440171786,0
-3.464320202402103,9.437885193791784,0
-2.4130768461117666,8.552010839493281,0
-2.7679936857198526,10.612933298703041,0
-3.743546494932672,8.421821869045429,0
-1.668554074064026,8.361662148895933,0
-2.949242109749734,9.145026705484415,0
-2.768788974416355,7.511143175080218,0
-1.127038632015223,9.662996015787966,0
-3.9118028948524435,10.763862871385262,0
-3.603914614099683,0.17081326096333926,1
-2.7173198734100255,8.52128519353949,0
-3.5084998553476607,8.509511206970107,0
-1.9223405292524798,11.204741754008301,0
-3.837383671951181,9.211147364067447,0
3.251606159454732,-0.07445284362731108,1
-2.186479062714661,8.187055184646,0
-3.521301998312918,7.3594294563325535,0
-3.214209478811159,8.958517050540618,0
-3.317691225945938,8.512529084613787,0
-3.987783868832592,10.158040171405252,0
-3.1598401921745776,8.527160744433628,0
-2.894640220799797,1.9502674122477837,1
-0.36525353372742453,9.648205150516334,0
-2.52771075904514,8.725627489278185,0
-2.4174368465172478,7.026717213597431,0
-2.34934123105535,7.986610987272365,0
-3.18558992511202,10.815226561109139,0
-4.633093347362557,8.488531106517563,0
-3.3848158764375076,7.631486397233987,0
-1.4851350972412878,9.606813077399506,0
-0.35601516554119383,8.246938565310273,0
-2.5586613327051833,9.689105620364927,0
-1.3126261213882588,8.855756555171354,0
-2.412201658060032,9.609443153635237,0
-3.7313254319446956,9.72728455837071,0
-3.155424932896553,10.789597020807834,0
-3.3346948198452617,8.69290028654533,0
-1.8010889463641597,9.970988444992907,0
-2.2130773459881743,9.275341400378213,0
-1.5928699483502688,9.360774604096315,0
-2.5441861135497117,10.785086763833833,0
-2.0993789661242377,8.773028473579782,0
-2.4846874487938075,9.512284419443773,0
-1.9629133750490506,9.020708398009262,0
-4.4279688383517914,8.987772252749107,0
-2.2003646104537866,10.71650107283356,0
-3.927563355985782,7.253477316217547,0
-2.6215256727435796,8.7933165286651,0
-3.12260028659369,8.711816441710194,0
-1.800983199796193,9.247502259461825,0
-2.3360166972015683,9.39960350792716,0
-2.9592630945319938,9.637136060545823,0
-1.207456333653952,10.575797324925176,0
-2.7790725583461215,8.035522412416016,0
1.2905382228172604,-3.9537105157525017,1
-1.4010148063152337,7.974380201072792,0
-1.4305167896214546,8.975777658697616,0
-1.7522090064073983,8.092120804020698,0
-1.6395917029470901,10.369923987003274,0
-2.533552215313733,11.156556486810187,0
-1.668577596548197,9.561019696399702,0
-1.2881639275273973,9.59638383166694,0
-3.7050806850879345,9.458888796418464,0
-0.7437433827716533,9.419267839159279,0
-2.8295449312470704,9.43845207460024,0
-1.9591455240281983,8.045941673334688,0
-2.018222671414499,9.749163914248141,0
-1.3663748085377296,9.766219160885097,0
-2.0962661687771256,8.450561575394348,0
-1.5709138170767525,8.49824139998095,0
-0.9807291966402185,9.522121884487946,0
-0.19453905637924152,7.147020935606575,0
-2.554783639408248,9.257625577521015,0
-3.5768180524353443,8.871906643177029,0
-2.3889019913408513,9.528724962257073,0
-1.8956796503223337,7.991493562999918,0
-5.219380884176646,5.386626447039999,1
-2.281737688448621,10.32142888248075,0
-3.6155325970587784,7.8180795041176525,0
-2.4098653176235243,9.765673251570112,0
-2.3224308585756717,8.258903195845,0
-3.084835449290524,9.136295942843685,0
-3.7530608584440355,8.321380930402416,0
-1.93212549587221,8.81124074215533,0
-2.3111128622848947,8.86992571627438,0
-2.8184067001026136,8.26212972260774,0
-1.883530275287744,8.15712857178204,0
-2.215639690886121,7.657704323574919,0
-2.0292237017682098,-5.237299796567717,1
-3.1148131627896145,10.84029584174526,0
-2.609351699532703,8.810612378021357,0
-2.3080985763377826,10.064940524205936,0
-3.9881091918268785,9.197646047977479,0
-1.4507731362031624,7.255546641775209,0
-4.234115455565783,8.451998598957351,0
-3.348415146275389,8.70507375234711,0
-2.961503942301827,6.590406801569367,0
-3.5108176329476657,8.73318583531237,0
-3.1347603245622797,9.410089661635732,0
-2.3171485065627184,8.705169663995822,0
-2.480879246922291,9.044042267694067,0
-2.273583064944184,9.78515132208529,0
-1.8273061334264389,10.860993453934357,0
-2.5226948477906843,7.956575199242423,0
-3.146584750359268,10.203302659305875,0
-0.6434231119079936,9.48811904911011,0
-3.5075830622410415,9.31607802801779,0
-2.580798882466814,8.977063891688482,0
-2.042767640619224,8.97864464590084,0
-1.5274321360611558,8.689454744689701,0
-3.869053764032669,9.760539694225544,0
-1.4766514187110928,10.140991265025907,0
-1.7975827449638606,7.889644036360455,0
-2.8741503525956356,8.175076460859318,0
-2.147802017544336,10.552322694664293,0
-2.3605301658506384,8.677200157080284,0
-1.5596434876114265,7.52938815974842,0
-2.5171702643693674,10.49423026708835,0
-1.9185427923604408,10.122989708781231,0
-1.6260878459055912,8.936448931185522,0
-3.163273306180174,7.183653231341866,0
-2.607785755337012,9.03313575114317,0
-1.2315327272643253,8.422714739362494,0
-1.6966718006585522,10.370526156769147,0
-3.5220287433871738,9.328533460793597,0
-3.2276048886219475,9.909210505142765,0
-0.8767863191211149,7.584144750237691,0
-2.4416694183648264,7.589537941984867,0
-1.9402145438674747,10.642682751326861,0
-1.2048573801745976,7.351794140162649,0
-1.7092557211107002,7.397975519761736,0
-1.3197271341281096,7.786678313061331,0
-2.8172319072384915,9.793946660467663,0
-2.3062746022014506,7.498542013201091,0
-0.6358998468352046,10.094334193912971,0
-2.216125149754069,8.299934710171955,0
-1.9960918248766675,8.754739450614407,0
-3.080376612835547,9.586868909554482,0
-2.1419103096514096,10.852469804993445,0
-1.0622197386990173,9.210840904709897,0
-2.2682121394120536,-2.0978001356790354,1
-2.319616006454007,10.015332220765465,0
-2.267235351486716,7.101005883540525,0
-3.6791144587630384,6.142023914916674,0
-4.661013024382055,8.295132808955904,0
-3.243789199850799,8.204033691183943,0
-5.750464963121823,7.989898486864034,0
-5.206084265994322,8.95999126168051,0
-1.675275468503846,9.47346620742676,0
-2.2421473571834913,9.903916923821761,0
-1.8109743094391602,9.407771513620073,0
-3.110565267003964,9.33406806234086,0
-2.591348801445319,10.131581959786452,0
-1.459644907733415,8.479050916637755,0
-2.843972955159291,8.610637664956327,0
-2.9534908831288615,9.391586621243174,0
-2.4810164656836218,9.00516713155412,0
-2.441342112525347,9.867059803320544,0
-2.581207744633084,10.017819026090347,0
-3.101591547291619,8.150295358518507,0
-0.6080069372997428,8.953625314383702,0
-3.7700815773877956,9.9321480752531,0
-2.1272621708211967,9.444327775389393,0
-1.9160963650843663,8.704739688884333,0
-2.676319336839162,9.296866078686623,0
-2.338332184924808,8.830302791845645,0
-1.556060989139505,9.301410293400147,0
-2.3126764533512802,9.723289885786835,0
-2.284512897300864,9.946876960071414,0
-2.9524798742442604,8.129483414171423,0
-3.071365649631052,8.805064254453795,0
-3.312872191022481,10.65340293364239,0
-3.0595027768981704,8.342662760260271,0
-2.223332232327845,9.348742918185348,0
-2.2282057553177177,8.391586608377729,0
-3.5743112861281228,8.709061423843655,0
-2.2851051412423335,9.026878528980118,0
-2.439145459939569,10.176164430806514,0
-4.535541181862654,-0.057877078664757775,1
-2.647653607036524,7.789987891908957,0
-2.490763689987357,9.361867833559995,0
-3.4761737661819634,8.966574772056344,0
-2.1655793334842888,7.251245972835589,0
-2.7545857390556208,8.260549963840834,0
0.017734802820871476,8.483417355278002,0
-4.0931004465384735,9.77470078434262,0
-2.6136468415902216,8.845464405008313,0
-2.9841429342137062,8.36095689562461,0
-1.8128101755960349,9.969591336768834,0
-1.0886933750628953,8.443539834448847,0
-2.460337552727046,9.054877819402206,0
-0.9784467907090528,10.23304797989564,0
-2.530564917401186,8.2670744490505,0
-2.0492254801136336,8.336570758446218,0
-2.426913633777326,10.079766503263674,0
-2.5040841664102893,8.779698994823177,0
-0.8392931187013439,9.408957658021304,0
-2.4333930648590236,8.337124416686212,0
-1.9955975164830337,8.481585288536412,0
-2.399802828447857,9.740052752097016,0
-2.409546257965109,8.510810474082124,0
-2.9557125751197715,9.870684922521797,0
-4.872130058594589,8.004555423488386,0
-2.404996519100874,8.951693000298802,0
-1.478914169020908,9.253075287224837,0
-1.5248752245761663,8.800297283972814,0
-2.375656718270468,8.86181629181778,0
-2.9455835135793187,8.904676324272492,0
2.2107963181458827,-0.7181700751247844,1
-0.9580456475302273,9.129960762491182,0
-1.212203076491641,8.991418065899442,0
-3.5813366350383573,6.092935644703716,0
-1.2631124305551211,6.940895895790174,0
-3.0541167098616997,9.413422242550395,0
-3.1610337308549092,9.061684799514737,0
-3.341553196156979,9.485701684584727,0
-2.68226944733662,9.029865175779792,0
-3.393055059253883,9.16801123414385,0
-3.2135413135955093,7.605824831834764,0
-3.4977887302036677,7.910696810982552,0
-1.4781981005567992,9.945566247314522,0
-2.147561598005116,8.369166373593199,0
-3.053580347577933,9.125208717908189,0
-1.9898511088115778,10.5470250412009,0
-2.5752774217000667,7.803269928435867,0
-4.115643943310323,9.217749764065546,0
-0.49581037552612717,9.15082145928106,0
-2.9565195187115014,10.295302489933436,0
-2.4521844981556655,9.282878407061581,0
-1.9144432813874643,9.86770168697863,0
-3.109836312971555,8.722592378405047,0
-3.931008289794594,10.51561978015381,0
-2.1850312705643082,8.88414307383064,0
-0.7732338198875008,9.212196911660971,0
-3.7607370472431945,10.458050732271584,0
-2.7326604083786012,9.728286622290415,0
-1.679792041869261,6.803150819190439,0
-1.6837812740647204,9.827795764198962,0
-2.1982900574547455,10.489642345147875,0
-2.0803811227221773,9.707391735461467,0
-3.9245683651031644,8.593640805432964,0
-1.895030923009325,9.771793838245628,0
-2.0795794039201643,9.221973815361434,0
-1.109842186466748,9.938919811111091,0
-4.384370092698495,9.129312207345741,0
-1.4800419857271065,9.486883610611367,0
-4.024388685251302,10.381160395642848,0
-1.9941499367467024,12.867017618853044,0
-1.3604319226806467,7.2745723494202235,0
-3.2924509153889874,8.692224611992648,0
-1.6095977476194996,9.321585649074933,0
-2.598933317339977,10.454403343647796,0
-1.9494071751217104,10.095066853752945,0
-2.3869001200204663,9.55758415723471,0
-3.5902541634610126,10.067438981531227,0
-2.151410262704467,9.575070654566558,0
-2.8449823223428785,10.683307653487716,0
-2.285283488988089,10.378426558172167,0
-0.9616924217226885,10.810163801293845,0
0.05088691521604449,8.918226228473673,0
-3.650886737186255,8.820626668918605,0
-1.8506533503799196,11.024490666964674,0
-4.379989544078606,8.662772644157014,0
-2.637735134491681,7.132437082700684,0
-2.524507472225746,9.593577627799412,0
-3.1329665837485554,10.92831748206511,0
3.255244160231349,-5.111464179190916,1
-2.548752776909405,9.695786825570949,0
1.3422347366685536,-4.326073672175498,1
-2.1054675327161405,8.990090521807407,0
-3.513338389804818,8.246488563094195,0
-2.015167436770011,9.274959894022231,0
-2.773854456290706,11.734455294787942,0
-1.9394303428205464,9.461994688215638,0
-2.5450236621627016,10.57892978401233,0
-0.9160109964133529,8.503070451767138,0
-0.8437231785901735,10.028656193216454,0
-2.699880023816097,9.231719001378046,0
-2.95538105626753,7.124745397252792,0
-0.660241528107405,10.14085115774608,0
-2.4449176039572875,7.936541350269017,0
-5.587337746617379,4.911844824945385,1
-1.8744761544909803,10.123985970154546,0
-3.2395642547698866,9.230744717780299,0
-3.098562379996962,9.863888225219348,0
-2.035959998479205,8.941457215541451,0
-0.8366252362150468,9.433305137564368,0
-3.5095289476583247,8.336541157673471,0
-2.210444714687064,8.26249507810314,0
2.755274140056769,1.6506896562625575,1
-1.7619040179294885,9.624656393631788,0
-3.4446363250973455,10.100268244373355,0
-2.9355552192582937,10.162731837395079,0
-1.2920391022272537,10.535602180120774,0
-3.170984087821138,9.866719462994547,0
-2.888325364040237,8.810705768095962,0
-2.186029908867969,8.866683541899654,0
-5.160167431445762,10.105792980120786,0
-2.9768988243646417,9.360790009929039,0
-3.152747455370212,10.044246945779484,0
-2.484978166379992,10.426506683613752,0
-1.031303578311234,8.496015909924676,0
-0.9957478798106192,9.6450978127531,0
-3.4988257596230876,9.95505731618654,0
-2.2594670869270685,0.24081625413372976,1
-2.2494751213312685,8.109969503093915,0
-2.225909751506608,8.755381154494247,0
-1.9863621350172505,8.440586124259744,0
-3.9167093177705716,8.236469440607449,0
-3.4365507572433245,9.252655110933109,0
-2.22922899673293,7.888797080899947,0
-1.5956129968195008,8.21110717751798,0
-3.746148333930832,7.693829515114047,0
-2.496195731174843,10.46782020535564,0
-1.593795505350676,9.343037237858008,0
-2.152182137087703,8.32137653293767,0
-2.5367125281033864,10.786537724868067,0
-3.67931064911211,7.212305690618304,0
-4.350071854384396,7.7347091614626216,0
-1.714932943430923,7.759996705029074,0
-2.9013057761849077,7.550771180066205,0
-1.8637134419116748,11.177540851503784,0
-1.7157089025005372,7.265754154960143,0
-2.177217292483735,9.20478580797739,0
-2.8519121395795195,8.212008858976704,0
-1.8463163543853374,10.187759985683648,0
-1.5899686884775468,8.346142042659329,0
-0.8938219335833084,8.691965658986984,0
-2.536502162562682,8.081018169125127,0
-3.4997339481834384,8.447988398595552,0
-3.272456779595267,7.209404027533804,0
-5.008603337926322,11.305228700789065,0
-2.480452800117933,10.292737990805621,0
-2.128999772046787,9.624871873482146,0
-2.900955772096572,8.09187594369982,0
-2.9726153158652124,8.548556374628067,0
-3.7094940301085266,8.679784892357375,0
-3.3696109883367025,8.629730583968499,0
-1.5339999932703208,9.515380298138169,0
-1.770387142165247,9.629653612211376,0
-1.2709145516191145,9.035557704934385,0
-3.915515086724584,8.931180555569629,0
-3.0489573033621116,8.23598140279601,0
-3.2245013323127183,9.693883877132999,0
-0.6246113171181416,10.557529656470512,0
-2.1425993769559017,8.074406341870969,0
-2.422150554814579,8.715278777732456,0
-2.2754117112620023,7.458390481994696,0
-1.836623921850019,10.914168063093538,0
-1.6487241346930048,8.431208689629385,0
-1.4036716900947663,10.201316433758704,0
-2.6301457716605317,9.43381857210535,0
-4.3454029961560465,9.522277455110867,0
-2.778086313607581,7.907760219456653,0
-3.033717889332524,9.50366068942624,0
-3.4286218572865534,10.564220533215863,0
-2.166472276675046,9.471039347352107,0
-2.383973120404843,8.584880587073071,0
-3.614902291538686,8.799365097909588,0
-1.950870710531028,9.090291519610735,0
-2.7268788262799704,10.113062980185514,0
-3.1361646808405177,10.826734686195252,0
-1.4425229334635963,10.183581718643996,0
-0.3382549055549364,8.838400315765986,0
-2.5419508932687487,8.470861357064559,0
-2.465386151073641,8.867284126569835,0
-1.5901211400649817,8.724011584009672,0
-2.0957627198290494,10.89108194075639,0
-1.3506020440453461,8.193603809846612,0
-4.059861054118883,9.082849103004351,0
-2.4636257831489363,8.362685780592507,0
-3.1219863135371364,8.62658456826234,0
-3.134016200748429,9.040377178409157,0
-3.485070876030083,10.067927924806163,0
-2.332756067775525,8.647258289115001,0
-2.7578887492362973,10.621631704218316,0
-1.1189900740354368,9.572096434550186,0
-1.9295644498391744,9.34008244478049,0
-3.1207154260446983,7.607625031350101,0
-2.1779341916491863,9.989831255320683,0
-3.0828596299329867,8.46742718695793,0
-3.8563239125824467,8.042672089687672,0
-3.6054727099479518,7.574235245604029,0
-2.2587047727068734,9.360734337695298,0
-3.4485330168715045,8.870198572476708,0
-3.3559913411211553,7.499438903512459,0
-1.192082555712885,8.896217601207244,0
5.587584396894712,3.7007681773975336,1
-2.8067611264127423,10.389992941509943,0
-2.1830646008106322,7.76317255181302,0
-5.063118757954705,9.948606039437596,0
-1.8190536313416377,8.613065656312488,0
-2.749523021210885,8.639465320648727,0
-2.954700144453522,10.467670605316025,0
-2.5356033800116773,9.29444728701793,0
-3.55610860573469,9.55093888072561,0
-2.238740797272911,8.964048018749187,0
-2.342745414839694,9.506737392206473,0
3.944850109823152,-1.7189600796769287,1
-2.3949699743907105,9.1645878896602,0
-1.7982376548492585,9.458549439684363,0
-2.740132153261428,9.710492493011742,0
-4.681867169066786,9.861707805348745,0
-0.9231808069073981,7.776470629371474,0
-2.1674416472755906,10.89045696741421,0
-2.521444395899665,8.117031756712493,0
-2.588839014298465,9.466657924448057,0
-4.933437883325691,9.898331524559373,0
-1.006840570956722,9.088380908618099,0
-3.1718213819985968,9.584884796791483,0
-2.5128001621433187,7.855921439005781,0
-0.9436735938184098,8.948535867125335,0
-2.065378194906522,9.78892018162766,0
-2.4115215245039185,8.241276344342857,0
-0.4208229182720227,8.87469650004315,0
-0.8314968089763095,8.460697886490328,0
-1.0326572733268544,10.394377482345774,0
-2.340736646783136,10.331883663806282,0
-4.102191356584419,9.454760866158722,0
-1.6788618065085046,8.158202302289457,0
-3.121634997693188,9.375789653404425,0
-1.9726877794823467,8.115818146407285,0
0.06416218019711017,9.073504562212811,0
-2.44472320824263,7.038819561844452,0
-2.5286172289404827,8.711106345364048,0
-3.2683302846064484,9.164679914674531,0
-3.652923830373412,9.122845833974846,0
-3.3367878437014697,9.100430011244699,0
-4.9380899753769665,-3.6482056509702576,1
-4.9808421231800395,8.217390872727847,0
-3.4838792932800717,9.801370731940775,0
-2.5918783088954496,8.89253861981504,0
-2.45098890460675,7.8713158303677,0
-2.31013792747928,8.414069251039528,0
-3.282022837590322,8.777467521458314,0
-0.7115110962032276,9.655128989465332,0
-3.898770089816346,7.368887381241431,0
-1.901301113336211,9.200895251354682,0
-3.2655483683370536,7.592032418600649,0
-3.0268089220889216,9.238074079837222,0
-2.449567253132576,8.367349350492749,0
-1.4178875024584812,9.6234242491055,0
-1.2960999230735668,9.156003041838227,0
4.6465529109159185,-0.33342089805660846,1
-1.5735192299052891,10.285841223192483,0
-2.730451246638522,8.737472828309402,0
-2.9968038471252436,8.581727940378702,0
-1.9655974684583177,8.643671796112217,0
-3.1606156266671985,8.530400294144002,0
-3.055442071305233,9.40609013360087,0
-3.155770507295277,7.932738124583928,0
-0.2102994994334999,8.651447567758664,0
-2.616227983007308,7.979043805778949,0
-3.3381926339748227,8.454105088001354,0
-1.6963355042137902,9.643914970121935,0
-2.220503993772893,9.274607966969544,0
-2.318098555032847,9.060722676354471,0
-2.7356765149542768,9.381651635014501,0
-2.170713779591059,8.718884718059293,0
-2.2531678887388744,9.996977112143837,0
-3.3188011429743964,9.438347172662413,0
-1.3599242967670744,8.311109703072436,0
-3.3987120526782735,8.198475843232885,0
-2.6944852819304583,8.884465428464898,0
-1.8767898839972292,9.986840577825053,0
-1.9979950235277695,10.38794467336128,0
-3.0396987706632776,8.438467887553644,0
-4.034722793977489,8.32237805831708,0
-1.1810034812036923,9.570516137598982,0
-2.3446347699195518,-4.827934631923394,1
-3.2631622119194263,8.733611051331549,0
-1.8229374326782366,7.401570257008672,0
0.5696831854024875,10.133861039632901,0
-2.206562157813717,8.260010278178965,0
-2.637115214533517,8.058745687597897,0
-3.111409683414531,9.483060384273347,0
-2.3398367990166724,7.600571631293343,0
-2.7203278618804445,8.027106601047139,0
-2.7617657744459105,7.766502946233474,0
-2.75043368090908,9.36634152471262,0
-3.515215004552452,7.800097515410592,0
-3.189222344631241,9.246539825359326,0
-1.4716576787948508,8.504269729343577,0
-2.734053604860829,8.364283547374864,0
1.1089748263445096,-5.442595047360028,1
-5.694970479070857,-4.705302876080347,1
-2.573335969645743,9.343048538501805,0
-1.2037188158984211,9.035289969831082,0
-3.619773468518579,10.766556571621946,0
-3.2363347988776185,8.766767492646819,0
-3.0666894080605838,7.644483148619245,0
-3.3017183614854506,8.899549686731424,0
-3.0230645403894436,7.955072606309372,0
-0.9670876704848745,11.020379016357445,0
-3.1318469847872024,9.208893583435566,0
-1.2422864738661274,8.306616662579543,0
-2.7326636054246025,8.664969332080126,0
-5.128942727142494,9.836188632573547,0
-1.8589964450940892,8.91511026441894,0
-5.10539227584275,5.8426432392062075,1
-2.494264217577382,-1.6036578804756996,1
-4.308909300302848,3.626363769048476,1
-2.8282515587193684,8.218260271394835,0
-3.494923669388294,9.518332643716167,0
5.635015533174703,3.3015938803333746,1
-2.0726378188950823,9.91822096928452,0
-1.6735055109876082,7.884579273540705,0
-2.4751141547935243,8.244312897139682,0
-3.4741210836328547,9.700337588196764,0
-1.3026886565443934,8.197350457211087,0
-3.2940959361349904,9.662566562042182,0
-4.591127030936472,10.710742496488361,0
-3.2111893108595058,8.351385210647376,0
-2.1095096713001085,8.362929234406494,0
-2.432375731992495,7.731293904009753,0
-2.6204236844014503,8.110378486733534,0
-0.3193946898350779,8.205987842843172,0
-3.525019442031147,9.075965978046295,0
-2.983036970123666,8.999833857320045,0
-1.8706051642753763,7.352766065929363,0
-0.5444724901363609,9.049549680170053,0
-2.8728098352666063,8.957340504477257,0
-2.7549406871386943,8.741562558450653,0
-2.93849984757001,8.321865148324468,0
-1.637900325595506,7.668306447951575,0
-0.8642299095514665,8.765250088641945,0
-2.9919411452347826,8.060957519939612,0
-3.9877196134201776,8.294441919803615,0
-2.68182492299357,9.897946065684996,0
-2.9922586747361897,9.161079140183872,0
-1.8764157569464652,11.28497898600272,0
-2.2598139393419947,10.591739407961798,0
-2.5561182019319344,9.491326955421444,0
-0.9299848075453587,9.781720857351232,0
-1.5443459899552927,10.629868951746555,0
-3.0579225307937117,9.107131029339438,0
-2.641831369435324,8.039756823527682,0
-3.57159115119963,9.442593225405972,0
-3.6001640532679486,8.603471840243738,0
-2.831877461894886,8.763453111743276,0
-1.50551857383165,5.408571676918994,1
-3.6601912004750528,9.389984146543995,0
-3.186119623358709,9.625962417039192,0
-1.750269033265985,9.2954775521677,0
-3.2516682087507984,7.694263616977618,0
-3.327418306286223,11.106673403883784,0
-0.8757660907516542,7.867940735179635,0
-2.4393955380627315,8.628972531336563,0
-3.5902609506526475,9.630221735142587,0
-3.8536481340870274,8.095634181714125,0
-5.212429916051987,9.69216144772923,0
-4.116680857613978,9.198919986730628,0
-3.412899483782878,9.338645409919927,0
-2.571876720325922,9.969428448699562,0
-2.579363334511397,7.353325194682332,0
-0.3518894097872467,8.408571205194985,0
-2.2017909252436496,9.83002334073762,0
-3.857383045158463,9.757550222221038,0
-2.978672008987702,9.556846171784288,0
-3.1187098252120333,8.827314825212877,0
-0.8954863539941031,9.467820429712303,0
-2.237618785857377,7.737537552378013,0
-2.4655951766802966,10.709337168629077,0
-5.302996653981607,4.394113749299223,1
-1.8615090849520577,10.537315984606348,0
-3.177288076695799,10.006328477734845,0
-2.2418053089808474,9.335983934394337,0
-1.8754207421206517,9.428085225649822,0
-2.5288354219794313,9.56677608261547,0
-3.0319206435717896,10.063295354035212,0
-1.3299004389889237,9.081804609608433,0
-2.170701215558336,8.598998214297522,0
-1.723397464401918,9.439743689983288,0
-1.2194448689700044,9.687467479468282,0
-1.106403312116651,7.612435065406043,0
-1.1167323229884214,8.76423961359937,0
-3.5628800421991045,7.94648320661913,0
-2.8716385644558824,7.8946162335721795,0
-0.10578203781447515,8.956667331164738,0
-3.7188923658938577,9.614214858194527,0
-3.3445446763125073,11.159435255971712,0
-1.5111875131930979,6.118030750004634,0
-4.090388325084883,9.909324442274439,0
-1.5129308036056102,8.52052954503701,0
-1.8900433620475523,11.071781597910022,0
-4.065826796576654,9.620296079543962,0
-2.171594960977548,8.602409162075856,0
-1.8873876608355538,7.444061408307867,0
-3.3966898008548503,8.576827827874913,0
-1.7558560019482177,9.3954445130811,0
-3.2089231310453354,9.228266038932546,0
-3.8294308300733926,10.845744894052677,0
-2.9698363940125376,10.071408354417239,0
-1.48662719104311,11.454038534537595,0
-1.8272446517577863,8.704019371604867,0
-2.998047044839024,7.894668694909312,0
-2.7226404939829583,10.505012265048276,0
-1.4331904844541519,9.035597776870265,0
-2.358778717909174,9.379247130664549,0
-2.897374441593979,9.184702350573811,0
-1.4773530835841153,7.528725755161352,0
-1.5830200755211088,10.923702768668454,0
-3.1826882472966185,9.293280290422125,0
-0.6271731265777165,10.3597061743533,0
-2.881404399123803,10.103034747902509,0
-1.7671022510434433,9.313578708604815,0
2.783927301736861,1.1839018103644392,1
-1.9621002418827125,8.81209347576443,0
-3.146937607304066,8.483289173196505,0
-2.7581617715318236,9.985857079152678,0
-3.090878537001394,7.999529397505457,0
-2.851885217133099,8.642845262202531,0
-2.980235928671073,9.24633606555596,0
-0.6625606270050843,7.944201361872171,0
-1.9252694377267863,8.654994037411264,0
-3.490706274100701,9.476389602461595,0
-2.696069267214109,8.574555069924148,0
-1.8548319666986925,8.958701457287868,0
-2.125132174113443,8.98159138010423,0
-2.628785883751431,0.5123529978989816,1
-2.4771934739869836,8.26086825785214,0
-2.804147301344778,10.262028200872058,0
-4.222332152143628,10.368158502363737,0
-3.0734452217101387,9.19883743139536,0
-2.1147454806744532,8.59330164737806,0
-3.8038790987736557,10.175112915576843,0
-2.015879722171861,9.199122251893197,0
-3.039455241425191,8.22141329593598,0
-2.5796964011118413,9.500787772024525,0
-1.885077806000595,9.642631637462603,0
-2.3956802778015023,9.67641680271937,0
-1.3414155613929428,9.268706971499537,0
-3.9572819645500745,7.606822353821768,0
-3.7896269755490333,10.769080310182687,0
-3.178270361712667,10.0541908155944,0
-0.8969193650641047,10.32920058178237,0
-0.8166597762946108,-2.505250317623497,1
-2.327331367994255,9.26250671449866,0
-3.089721072857473,9.602864532618932,0
-2.87016378887183,10.173615931562571,0
-0.06344564343592385,9.14350731017355,0
-0.5271601893955689,3.422111536716163,1
-3.227641844305186,8.800838976486476,0
-3.044525809006673,8.923752845894162,0
-3.498802443311331,8.888499208098676,0
0.2727939525839287,-0.8695077796974044,1
-3.1481593707422526,7.691196334790825,0
-1.9326406599969839,9.32553628274186,0
-2.4988450032093694,7.702449895848163,0
-1.9482781751115115,8.718805810169163,0
-2.2194227661563373,11.089686926843761,0
-2.4884039153773423,8.28628318696919,0
-0.8692330936813573,9.756413619270216,0
-1.636876986332072,9.197628133936675,0
-1.5397404225260134,9.441480490070008,0
-2.0722594533064003,10.204932402984664,0
-1.9383071123595832,10.149851768378923,0
-3.0614206673337216,9.647217945953834,0
-3.436128094630833,8.954760772136524,0
-2.2653969092815514,8.450207497461594,0
-4.136740060935913,9.062371074859705,0
-2.743350997776086,8.780149171249143,0
-0.8479384085048802,8.557189871612051,0
-2.376227948905874,8.31416531325915,0
-1.0057993212855996,9.891648418773995,0
-1.7868162652249788,8.641452976106557,0
-2.992384085352124,10.588272891488355,0
-2.4207907367609027,10.491816209253585,0
-2.3281760643490435,7.717454180242477,0
-2.0691831729994177,8.512231903845713,0
-3.085968953621083,9.769677354024079,0
-2.534224581797894,9.83205242739861,0
-2.4038221169067904,7.680260633280119,0
-2.4534727107640557,10.108477646669272,0
-3.387180209809311,8.187405774158464,0
-1.1918035574184245,9.211885732890723,0
-3.0643971497459486,10.895443197638913,0
-1.831271751713481,8.52637472005262,0
-3.037814304802507,9.600650146953416,0
-2.503953923334567,9.061266721963065,0
-1.6956804056830803,7.783421811764368,0
-2.2420709720412666,9.523011151428257,0
-2.9945611708818536,9.096160267584645,0
-3.1584751681187573,7.790345861436067,0
-1.6391298923639963,9.509968016170928,0
-1.8568747446393306,7.4378939712140735,0
-0.9860735457830929,9.553196171882982,0
-5.752986068450371,5.638918225943932,1
-0.18986808307105596,9.407603967592696,0
-2.6793822455776786,8.561058078871048,0
-4.287917871957029,10.510330439687506,0
-1.9952897733938353,9.193867910137921,0
-0.8220559879801854,9.895925885147774,0
-2.784249320204394,6.712364963462738,0
-2.300334028047995,7.0546160043185475,0
-4.1926358152737,8.208416061702135,0
-1.335872523726216,-2.743811618713249,1
-3.5304304401834634,9.722642575497677,0
-2.756375005573347,8.332301880200525,0
-2.9556312376032783,9.20837612109663,0
-3.8760763214681715,8.78952072630564,0
-1.3141509941279077,7.491099223414548,0
-4.202154437248136,8.915946501403573,0
-1.585170603845849,8.829383991755334,0
-2.617957771509608,9.415997850297265,0
-1.8638216734676027,10.382917685730671,0
-4.56486904874038,2.55893744667594,1
-2.7641748404736055,10.518279116781011,0
-1.124924804542232,9.578195248250683,0
-3.3273965064750572,9.01091167078737,0
-3.0681194703243384,9.391498003262845,0
-3.554006817073784,7.047929538822322,0
-3.4172216985739614,7.601982426863032,0
-3.110904235282147,10.866564312707261,0
-2.1380517496814413,8.410300941482502,0
-2.2951038789225464,7.768547349486335,0
-1.312566136407099,8.40450322387894,0
-1.3510867495526824,9.805948822161259,0
-2.684157379748159,8.258540968705478,0
-3.9572115234689944,6.815480171578241,0
-3.696796042082263,9.324106838425351,0
-3.5005899725090575,6.8608960145946085,0
3.989311689605061,-3.451930671860686,1
-1.8704674010235656,7.87128121546784,0
-3.1323381494775147,8.458809009038069,0
-3.631919644615049,9.396695874382374,0
-2.442206905827878,9.530225345902423,0
-1.5588900310791745,10.724899500780248,0
-1.6380729196210577,8.688262596030482,0
-2.5975605822580854,8.644275098316195,0
-2.030217797306358,9.347948233485273,0
-3.226019943655555,7.147749511125263,0
-1.8964237179901806,7.960870565024667,0
-2.9685585225929945,8.164441758733531,0
-2.47119414488455,9.134317454916584,0
-3.3314180186191815,9.257973339690235,0
-2.874519174364859,9.198966434063232,0
-3.6015103877253294,8.697877678503522,0
-2.028188391316037,9.238170152477455,0
-1.6984112574687287,-4.609571285698443,1
-4.065779521712502,8.58617096723241,0
-2.3086284258218073,10.16292347762704,0
-2.3008148151051975,6.972551259774033,0
-1.4261463798774732,10.068088180233227,0
-1.7875255590095152,7.885234356981094,0
-3.8181003935147926,-3.799145881758794,1
-2.3896172546385968,8.041217187316768,0
-2.696341888057299,10.000016123878186,0
-2.8010088919682943,7.4510953195016665,0
-0.4484496981707631,10.769626970641529,0
-3.9077651968718916,9.577255364888893,0
1.1747997457330217,5.062490820277402,1
-0.8805820774814583,7.634184669983432,0
-4.127776314690761,-4.128065755965569,1
-2.2642310519440274,8.507342952827194,0
-2.284745804492778,10.061384430810477,0
-1.970441630606381,8.093612535118957,0
-1.686652710949561,7.793442478227301,0
-1.776557545837171,8.933569548089741,0
-3.5333844473819553,10.868378694532511,0
-4.103625281847117,8.41491110524455,0
-2.186118349936721,8.761932626072035,0
-2.426757870118247,7.556734628733393,0
-1.0084378324184393,9.864507870311817,0
-1.1988888769331414,10.40996993898828,0
-3.152715853432893,9.942126256279561,0
-3.4076122944011082,9.50620529970483,0
-1.423302057221172,9.488984361078277,0
-1.74311734466806,10.24121935208263,0
-2.4121200737047097,9.982931118731212,0
-1.6860270390908356,9.087604095386727,0
-2.8244668676930957,9.77325534869159,0
-4.124329438958259,10.179025482655495,0
-2.140524314179849,8.620947315870962,0
-2.6861448505467997,8.21598888365987,0
-2.2325068237227312,9.841469377234347,0
-3.612564229226624,6.8613955352458404,0
-2.4226078355798504,8.858608892806243,0
-3.571501336778855,9.487878558833504,0
-2.3859928162682644,9.565771504238791,0
-2.8308326742701326,11.091034111759164,0
